genre,mood
ambient,calm
chillout,calm
downtempo,calm
lounge,calm
alternative rnb,mellow
rnb,mellow
jazz-rap,mellow
indie,mellow
Hindie,mellow
indian indie,mellow
indie pop,mellow
hip hop,intense
Hip-Hop,intense
rap,intense
beats,intense
desi trap,intense
Desi Hip Hop,intense
Desi Hip-Hop,intense
indian underground rap,intense
russian rap,intense
noise,intense
experimental,intense
pop,upbeat
electronic,upbeat
Bhangra,upbeat
bollywood,upbeat
Punjabi,upbeat
haryanvi,upbeat
india,unclassified
Indian,unclassified
desi,unclassified
Hindi,unclassified
mohali,unclassified
sonu nigam,unclassified
queer,unclassified